claim_id,contract_id,servicer_id,claim_date,claim_amount,status
feea7451-0ff,09b1f27a-098,S001,2025-05-10,233.43,approved
8e58ed7a-c73,26e3e9b1-cd8,S002,2025-05-15,171.39,approved
8dd454b8-2cb,c9973cf2-10b,S001,2025-06-10,390.14,approved
fb2eb1b4-032,414f209a-54a,S001,2025-06-18,251.41,approved
1296f53a-37c,2f06d38f-107,S004,2025-04-15,408.18,approved
7dfe15b7-f6a,8e5af881-4fd,S003,2025-04-11,376.65,approved
792c4001-378,a040932a-fa8,S001,2025-04-06,641.71,approved
de9d6a08-269,70242f86-662,S004,2025-05-04,324.24,approved
1dcf926c-244,6c08d9ac-8dc,S001,2025-03-18,516.8,approved
a9db6efe-247,dec49408-55c,S004,2025-05-02,79.1,approved
c226cac9-4d6,a40fbc27-e92,S004,2025-03-12,286.91,approved
e37f652b-f08,a53463d4-dc4,S003,2025-03-03,330.0,approved
f1b6fa61-8c9,a7ebbed3-966,S002,2025-05-15,553.98,approved
c41daeb4-4a7,027b2450-3b7,S003,2025-05-02,193.95,approved
c8d0bbe7-705,35dd9a90-965,S004,2025-06-21,731.05,approved
931c147d-5b0,f5fa70ff-0d1,S003,2025-06-27,85.78,approved
b3ca226d-2d3,98b45c5e-69d,S001,2025-03-25,100.39,approved
577bce82-107,f3d1953d-761,S004,2025-06-12,406.62,approved
b300991a-303,408d1665-c5b,S002,2025-06-17,425.65,approved
1b608848-b32,2e3d7128-993,S002,2025-06-21,1532.28,approved
debf5803-3b1,cbb29384-c85,S003,2025-04-21,539.74,approved
55b562e1-beb,923ab818-433,S002,2025-06-22,666.07,approved
3ccc12cc-e1d,edb7cf22-97e,S004,2025-05-03,1006.18,approved
10054b56-560,2d1b8fd9-ac8,S001,2025-02-18,58.52,approved
05421dd8-ed8,d0fb38e6-ef6,S003,2025-04-18,118.14,approved
4b2ba4dd-5c6,9eaeddb3-539,S002,2025-04-16,275.82,approved
7b01cd9d-123,a78dd4ca-0df,S004,2025-01-16,367.6,approved
55ad5070-d1a,408d1665-c5b,S002,2025-04-26,537.757,approved
fb32306c-311,923ab818-433,S003,2025-07-17,1244.4524999999999,approved
