contract_id,sale_id,merchant_id,issued_date,premium,coverage_limit,term_months,status
0797804d-44b,1f21d399-5a9,M002,2025-01-07,111.44,1496.02,36,active
ee64b976-557,69f01978-e65,M002,2025-05-20,20.24,219.53,12,active
9e44e7db-40a,61a81805-d6d,M004,2025-03-01,54.52,1035.44,36,active
fe442f2c-f27,21e43f47-a4f,M007,2025-02-26,72.06,925.96,12,active
bf605429-f98,5d351b68-7f8,M003,2025-04-19,46.77,713.49,24,active
caeacf8f-738,8a005490-257,M002,2025-01-24,67.93,790.86,36,active
75aecd4d-9c1,e105cde6-206,M005,2025-01-12,152.63,1472.98,24,active
775ea11d-eed,9a9d3313-f5f,M002,2025-05-22,70.17,621.7,24,active
d4d8ee2e-65f,adb0aca7-f56,M004,2025-01-18,10.14,139.36,12,active
5c107174-28f,e311d193-a51,M004,2025-01-26,75.44,791.25,24,active
51022145-c10,1994821e-263,M003,2025-04-05,86.92,742.78,36,active
0e3ed166-4c9,f9b40446-6e7,M002,2025-02-13,81.3,1091.57,24,active
ef6bbf82-53f,94f78a8e-7c2,M005,2025-05-23,39.42,478.25,12,active
1cec80fd-8af,97f11b29-ee2,M004,2025-01-09,145.97,1619.84,12,active
ccd334d2-2bb,246da959-4f3,M006,2025-02-24,118.95,1328.11,36,active
97db87ca-d3d,7c7dd806-054,M008,2025-02-06,42.3,566.52,36,active
4a463703-e2b,ba4dd001-baf,M005,2025-05-30,95.94,885.45,12,active
b7068b9f-3c5,55aa0e83-8ed,M003,2025-05-11,127.13,1012.36,12,active
994618b3-378,a94301a3-c20,M003,2025-02-10,147.04,1594.55,24,active
2a2e9745-2e9,4cf8d19b-c43,M007,2025-04-30,159.14,1081.77,12,active
c161b027-305,9efd48e1-664,M002,2025-05-18,192.09,1514.21,12,active
f5fa70ff-0d1,15a79ee1-a12,M005,2025-04-22,18.04,358.41,36,active
616fcd89-7ab,bfd6141a-e90,M005,2025-05-09,154.76,1535.83,36,active
9b13b2c4-3cd,5f0ab155-6c2,M005,2025-05-10,80.79,1237.49,12,active
86eeac15-e86,6ca222c3-40f,M001,2025-03-24,61.36,1002.78,24,active
45a58367-53a,bb796bc7-b72,M004,2025-01-15,55.47,519.7,12,active
58d17ded-1fa,9afd9782-1ec,M008,2025-01-18,202.11,1957.07,12,active
433063e9-80f,05ee6f31-50b,M008,2025-05-21,38.23,372.0,24,active
8a87a7d7-6ab,6813c369-968,M004,2025-05-19,181.19,1522.77,24,active
2c5a6d85-d8c,d00fa68e-d16,M007,2025-04-06,92.02,904.3,12,active
2ff463f5-46a,45bd9b3e-59e,M004,2025-01-17,77.19,709.27,36,active
8add2196-e2d,62a1f942-fd0,M004,2025-01-02,21.31,188.44,12,active
1b27b5aa-48f,dacd846f-d63,M001,2025-03-26,13.89,188.17,24,active
0a2b928d-4e2,7004ce3a-bc0,M004,2025-05-19,44.22,308.01,36,active
45a70241-c9c,e28638ef-a64,M008,2025-03-04,206.59,1580.01,12,active
e5c2952e-9ca,ccf3f9a1-ef1,M002,2025-04-21,67.5,740.88,36,active
194f0060-696,8e969d02-87b,M001,2025-01-26,20.66,168.19,12,active
57ce05d5-7bc,f3b4c78a-30e,M004,2025-02-19,39.93,420.91,12,active
67e4546a-bb3,67d03a44-6c3,M005,2025-04-29,76.45,537.12,36,active
2e918c54-6d6,3a12ee6b-5fe,M002,2025-01-13,137.53,1321.68,12,active
a040932a-fa8,4394cffb-b3a,M004,2025-02-12,82.68,842.51,24,active
98b45c5e-69d,f82471bb-c0f,M001,2025-02-12,117.19,789.0,24,active
6174076b-e99,80d68e34-737,M005,2025-04-19,173.3,1408.35,36,active
b1aedfcb-f3b,c692d238-c16,M008,2025-02-09,30.16,420.3,36,active
08429bee-c3b,b0b0df73-f59,M001,2025-03-22,17.51,161.47,36,active
eb5b04f2-6ed,a34a45e8-a17,M003,2025-01-15,111.59,1923.52,12,active
ff28dbf0-625,125490ff-807,M002,2025-03-02,120.71,837.36,12,active
a53463d4-dc4,017c7064-e4b,M001,2025-01-21,94.01,867.49,24,active
54403fb2-3b2,7a1b47d1-4e8,M005,2025-02-22,110.4,1355.97,24,active
5c54b0ee-6a1,636b4939-ef8,M003,2025-03-18,134.55,941.59,12,active
15601146-f21,ae5854e7-270,M001,2025-04-28,134.07,1261.26,12,active
2f517032-0a1,a8f2bd36-222,M004,2025-05-10,81.29,567.14,12,active
f39a5bc5-775,e6e061a2-7b7,M004,2025-04-05,56.83,605.73,36,active
5261fbd1-3ca,c9c5868c-69d,M005,2025-05-16,8.6,65.26,36,active
6f679688-023,01b87d80-b04,M002,2025-02-04,78.62,565.71,36,active
a75b7a1d-66a,cef1beb5-8fc,M003,2025-03-11,42.6,599.42,12,active
9d2a6361-c0b,6362612a-40d,M005,2025-05-10,140.9,1002.64,12,active
35752bf0-e7e,310a3cac-757,M002,2025-04-19,90.71,1667.23,12,active
44ec283f-876,d6dc2fa9-c81,M005,2025-02-11,157.27,1495.4,36,active
26eb673a-6e4,1bcc1e07-123,M001,2025-01-29,27.21,196.73,12,active
33c83d38-b3a,88be0f04-9a7,M001,2025-04-05,76.86,1185.89,12,active
1acc4998-7c1,b3dba153-0e9,M005,2025-04-04,233.69,1803.01,12,active
c7bbf2f9-4ce,2f00fca1-4e6,M006,2025-02-23,161.04,1380.03,36,active
1ea479cc-4c2,1d28910d-11f,M007,2025-02-09,136.68,1855.24,12,active
a40fbc27-e92,9cf23a7f-de4,M007,2025-01-07,56.94,399.75,24,active
38b37406-c97,645bac1b-818,M004,2025-03-10,43.3,360.44,12,active
6506e8c7-90d,4a01501e-302,M008,2025-02-26,62.29,439.17,24,active
3c7c0c9d-430,0bdac1cd-e09,M004,2025-02-27,6.66,96.15,24,active
3ab6d724-ac7,3f190be2-a45,M002,2025-03-13,74.16,734.73,36,active
c611544b-6ee,9066b10a-5eb,M006,2025-01-08,40.42,274.92,36,active
4e313c57-028,d15aadab-ffe,M005,2025-01-10,24.43,261.38,24,active
75c13c46-666,d9dde797-879,M007,2025-05-11,38.56,275.51,24,active
ab189a41-c7d,a3fa301e-707,M001,2025-04-22,7.6,53.3,36,active
82327e8f-8e5,b385b602-7d3,M004,2025-04-04,129.1,891.03,24,active
f68766dd-89c,a0c036f7-e95,M006,2025-02-01,116.33,1453.52,36,active
6ee82819-58d,663cf84c-1b1,M007,2025-03-25,66.41,834.68,12,active
e0c156b6-40c,d15385de-669,M007,2025-04-08,192.29,1370.77,36,active
cc9f0f9d-d27,f9a04244-653,M005,2025-04-14,55.97,1118.48,12,active
d42f2ae4-d88,db97edd7-f95,M007,2025-05-29,101.38,1232.99,24,active
9e64af57-2d7,4cc1fcaa-025,M004,2025-05-11,136.29,972.71,36,active
7db42ddc-b39,3fa1dfa3-3f7,M003,2025-01-22,70.22,603.38,24,active
f05bff6e-523,78faa52f-44c,M002,2025-03-02,98.69,1361.95,12,active
2f06d38f-107,5a464af6-6e3,M001,2025-01-12,51.43,527.44,12,active
4611c425-c19,9e0f672e-c88,M008,2025-04-17,191.25,1777.97,36,active
414f209a-54a,0a2d2369-0d3,M007,2025-05-07,53.7,829.32,12,active
0ac9ba4f-da0,20d1aee1-9b4,M002,2025-04-19,62.17,476.74,36,active
a7ebbed3-966,8f415e64-78c,M008,2025-01-13,161.16,1136.94,24,active
c44828fb-c0d,ac257b06-0e3,M003,2025-04-29,201.13,1351.78,24,active
5247a87d-8d0,3facf05b-876,M008,2025-05-10,124.1,882.14,12,active
bf51c70d-a70,d0e5e05b-9ac,M008,2025-04-26,41.5,555.42,24,active
be5b59e7-42a,6170925e-737,M008,2025-03-03,33.81,585.47,12,active
9e811a4a-7d9,41d8959b-243,M005,2025-03-27,70.05,673.43,12,active
02e2000a-66b,9e3cf3d1-c7e,M004,2025-04-09,169.28,1403.2,24,active
09b1f27a-098,99eabd95-958,M007,2025-03-26,101.48,1108.09,24,active
0a9eb791-793,7010c3cd-8d9,M007,2025-05-30,98.44,1894.82,36,active
a7439a7c-3bd,095a778f-81f,M007,2025-05-03,5.24,61.5,24,active
83000305-ffd,4308dc3b-cd1,M007,2025-05-18,157.72,1507.66,12,active
700349b7-9b0,a4242a51-0db,M008,2025-02-26,57.39,582.22,24,active
e3d00c99-7be,25206bee-8c7,M007,2025-02-12,239.76,1688.99,36,active
d97984a3-2cc,60e619d8-e68,M001,2025-04-11,140.05,1204.19,36,active
6c08d9ac-8dc,e4a189c2-007,M007,2025-02-04,118.65,1740.36,24,active
fcc359a0-069,407d0024-4c7,M006,2025-02-24,78.45,936.66,24,active
5e9c903d-6bc,7b05b4a7-0e6,M005,2025-04-18,31.54,541.93,36,active
24242bef-264,2c2c0324-fea,M001,2025-03-31,27.7,487.23,12,active
9b787a3d-793,c8b06329-43e,M001,2025-03-05,22.83,438.75,12,active
54faca56-09d,7bcfa393-1b6,M003,2025-05-02,144.21,1355.44,24,active
796ba49a-5b6,e0fd524a-883,M005,2025-04-05,41.76,377.19,36,active
2e3d7128-993,83762b9b-c8f,M002,2025-02-11,117.44,1931.21,24,active
27ba4f59-83c,10e6c1e0-c38,M007,2025-04-12,131.7,1885.87,36,active
77d0a9ed-21a,bdab2bb0-271,M004,2025-01-27,112.99,1409.53,36,active
852397a4-2c0,c81dd1a3-108,M002,2025-05-25,133.53,1576.14,36,active
b624b4b9-7a1,f34a8fd4-aeb,M006,2025-01-18,87.2,1036.62,24,active
de0378b0-b89,2720c996-eb0,M008,2025-01-28,77.2,895.37,24,active
7f66d30d-e2d,1c6f1b19-fd2,M003,2025-04-22,40.2,393.47,24,active
9a39b0b7-b00,a9af2099-ba2,M008,2025-04-30,110.71,899.37,24,active
8e5af881-4fd,e9a11d21-d7b,M004,2025-01-23,56.47,593.91,24,active
d393fc08-916,aab23829-679,M007,2025-03-28,14.31,105.96,24,active
0081b561-56d,ca6ea1ab-596,M004,2025-04-01,134.94,1605.77,36,active
ca5fdbdf-bc1,47182552-67d,M005,2025-05-23,10.11,69.79,12,active
637f14c9-ca0,a8fd5d4f-84c,M007,2025-05-06,83.85,1132.59,36,active
19b8458b-4ef,7415fa2c-16c,M008,2025-04-25,94.66,1596.22,24,active
692ebd5b-3a0,4d26930c-c6c,M004,2025-03-20,116.86,1344.72,36,active
30cb5133-adb,7ac127b3-e18,M006,2025-04-19,209.39,1993.43,36,active
890375f5-15c,44a54058-c99,M008,2025-03-11,47.33,647.91,12,active
a51b421e-546,10d7967d-d06,M006,2025-01-31,217.43,1498.62,12,active
edb7cf22-97e,bb8c0f26-912,M004,2025-02-25,115.72,1490.28,36,active
6f1f59d7-39c,54c51a0c-2da,M005,2025-01-26,133.26,1673.63,12,active
50636742-705,18861b62-213,M005,2025-01-04,89.64,1430.64,12,active
70242f86-662,1de024d6-a01,M005,2025-02-02,162.09,1293.85,12,active
83b68062-035,c91cd9d1-afe,M005,2025-05-01,82.68,983.49,24,active
d078f285-67c,feb1acb9-b8b,M008,2025-01-30,148.9,1653.13,36,active
c2cc0c17-2c0,bcda44eb-b60,M001,2025-02-08,36.24,340.94,12,active
ca074a8e-52b,1fca08dd-2ef,M004,2025-01-31,104.28,1138.24,36,active
0673eb23-56c,c6a5c379-504,M004,2025-05-14,111.52,791.74,36,active
3927e970-93e,f0beb6e5-c61,M007,2025-03-20,64.92,1158.83,12,active
408d1665-c5b,a5403ed8-840,M004,2025-02-24,32.9,566.06,12,active
ed78addb-dd2,f946513e-35a,M002,2025-02-10,5.25,55.22,24,active
c9c89480-cca,9b4b9968-3a4,M005,2025-01-09,60.51,501.38,24,active
058502f7-fb9,6f7e15a0-bbb,M002,2025-03-01,238.46,1851.63,36,active
07a870b6-5fd,5a313acd-2dd,M004,2025-04-19,19.85,273.81,24,active
dec49408-55c,38a85ac1-ed0,M003,2025-01-19,21.5,166.29,36,active
664a5601-780,4878313b-e71,M005,2025-04-23,34.77,292.49,24,active
ea8858a2-a84,75dbbdd9-f40,M005,2025-05-09,103.43,1102.96,12,active
789d5b3c-f2d,39838e25-f4b,M007,2025-03-24,64.54,1227.24,36,active
8c842351-dec,5d654140-19b,M001,2025-03-10,148.25,1173.68,24,active
d8c9f195-27f,1d3ea81b-ad2,M008,2025-03-13,43.84,403.9,24,active
16e2a532-f84,829f4818-872,M002,2025-05-01,60.71,728.52,12,active
3e76c232-c1b,baf32212-3ad,M003,2025-03-26,84.88,852.71,24,active
b72d2447-159,9bdbdcd9-7e7,M001,2025-04-27,16.68,221.72,24,active
2af37048-eac,acbabf17-ff9,M001,2025-05-19,52.7,950.85,24,active
6c85899d-d02,7e7ca226-caa,M008,2025-04-24,107.78,1531.98,12,active
e3ff27a0-93f,ae4153c7-ed5,M005,2025-04-23,174.06,1767.65,36,active
a81b9579-302,8fb28330-c81,M004,2025-02-10,33.69,655.96,12,active
7aa294d1-ce9,64a74aac-506,M004,2025-01-30,58.65,949.82,12,active
cbb29384-c85,5a8f7734-14f,M008,2025-03-16,80.61,1042.3,24,active
c9973cf2-10b,fc0666da-d50,M008,2025-03-04,60.64,940.73,36,active
8a9f5eaa-fa9,66aac1dd-e28,M003,2025-01-18,75.94,588.68,24,active
ceb25eb3-db8,9b7bb9cd-0f8,M005,2025-01-01,48.04,601.54,36,active
fa5f2b2a-30d,9b491e89-303,M008,2025-02-08,90.64,920.77,36,active
1985c2fc-71f,8ddf3691-c94,M007,2025-04-27,255.99,1869.06,12,active
b5dfc522-f53,6ae64b2c-e3e,M007,2025-03-01,156.58,1719.23,36,active
4e6c9083-805,75c04d5f-a4f,M008,2025-04-08,93.43,802.85,36,active
4ef5acb9-e0c,70b5b152-7dd,M003,2025-05-07,120.95,1931.41,24,active
19ec969f-13c,33f251f6-c9a,M002,2025-04-23,34.48,244.44,36,active
c3aff575-dff,b134bd99-cb7,M003,2025-04-15,257.0,1748.32,24,active
5f87820b-bd9,19158d77-b25,M005,2025-03-28,113.56,1265.36,24,active
78d88550-6c1,be5b2eac-aa6,M007,2025-03-23,176.52,1272.26,36,active
665638ee-7b3,c37ecfc0-b57,M001,2025-01-18,60.14,507.8,12,active
53c8608e-711,31884b51-726,M002,2025-04-22,246.75,1957.76,12,active
ffa5c590-e68,25cce366-af2,M008,2025-02-12,196.94,1403.3,24,active
1e97d5e1-193,686efe0c-c69,M001,2025-03-17,69.71,749.0,36,active
f0e2211a-2f2,2cfcc3e7-dcb,M007,2025-05-25,93.81,1379.51,12,active
027b2450-3b7,144b7c07-9b6,M007,2025-03-03,110.53,1020.45,24,active
534777bc-434,1c8a2887-ea0,M005,2025-04-28,27.91,547.89,24,active
143253d8-216,8f5e5232-109,M005,2025-05-20,33.72,358.05,36,active
5cb1a4c3-6c7,cd3745d8-a2f,M005,2025-04-19,133.58,1396.11,12,active
109de9bb-d7f,85e8017d-364,M007,2025-05-04,22.74,257.97,36,active
b9024e1e-0f2,b4b6ff26-8a8,M005,2025-03-17,12.34,92.78,24,active
549e959f-32e,f05db3df-42a,M001,2025-05-25,222.03,1736.88,36,active
288949c3-c4e,206597b1-04f,M008,2025-03-15,114.09,1562.69,24,active
09e26eae-b8d,7f2d1992-eab,M004,2025-02-18,148.49,1260.74,36,active
1d63bf36-1b0,4d0b1557-e10,M003,2025-01-25,207.68,1811.64,24,active
ac055bf3-3b4,c9b96085-e8b,M001,2025-05-29,48.08,761.48,24,active
8677e60f-a70,4820bdde-602,M006,2025-04-17,24.81,392.5,24,active
8c5df6b5-ba6,b2ffa01f-b2e,M005,2025-02-12,73.0,551.09,24,active
804d3d5f-44a,50e25414-dcd,M006,2025-01-30,55.42,963.25,12,active
244177a8-c30,a6184ef9-839,M007,2025-05-23,98.51,763.26,24,active
cd416533-1e0,a943eca0-018,M002,2025-04-27,96.02,768.74,36,active
3eb051f0-82d,c890caa4-369,M007,2025-04-06,19.17,261.27,36,active
7889a823-24d,47f18782-b7c,M006,2025-02-26,149.07,1312.92,36,active
1087f706-6d2,95956269-bff,M005,2025-04-15,15.13,277.52,24,active
19d4333b-98c,c0d90c99-0a5,M008,2025-01-30,33.23,239.52,24,active
08bcb8eb-d5e,71da3017-947,M008,2025-04-05,168.75,1357.45,24,active
38520f91-494,ba8c9674-6fd,M003,2025-04-17,176.99,1327.1,24,active
5b4c4d7f-2e1,208c18c3-88e,M005,2025-01-09,100.13,1396.05,12,active
3060facc-c0a,3483b6f4-1e0,M006,2025-01-26,170.24,1962.81,36,active
e26ce876-bd4,3838c71a-764,M006,2025-01-16,57.0,826.37,24,active
511f9012-765,e76a0729-fdd,M002,2025-02-24,142.77,1301.32,12,active
d33162ba-2fd,f8276615-d23,M006,2025-03-04,254.59,1978.2,12,active
a6650a37-ece,81e6ed37-0a4,M004,2025-05-31,64.53,471.11,12,active
436db646-f12,db122b88-0a5,M001,2025-03-12,111.14,1723.89,36,active
50534330-e6e,918f06bf-764,M005,2025-02-14,36.12,264.36,12,active
c896eeb6-929,7fdd34db-c5c,M006,2025-03-02,61.8,1198.26,12,active
f56e9963-e71,c8681211-18e,M003,2025-04-18,134.02,1075.87,24,active
dfed944d-f2d,63ba543e-82e,M006,2025-05-12,114.97,1207.65,36,active
e9ea5dcf-485,f37f4215-a8c,M001,2025-05-14,72.97,638.18,12,active
596f1dfc-e3c,aee77f6a-1ac,M008,2025-04-13,53.58,881.23,24,active
58d43520-1a8,a5fc4c17-405,M002,2025-01-21,43.96,678.12,24,active
6592fc97-b50,b1e6e2c8-0bd,M006,2025-04-08,205.03,1989.52,36,active
dc78ca7f-1bd,b065c621-a6b,M007,2025-01-26,98.09,1596.54,36,active
a09dc3b5-8f6,2b069b31-950,M004,2025-04-21,67.79,930.53,24,active
f92850d6-a08,59610e3c-550,M007,2025-04-17,119.67,1472.74,36,active
8a3ae112-d0c,1f52b539-651,M005,2025-04-06,226.62,1909.51,12,active
bbbb2ba9-a86,ffd85d44-c35,M002,2025-01-22,13.83,231.8,24,active
02d5f535-79f,2b04e557-7c6,M003,2025-05-23,24.32,166.96,24,active
44b044d9-b9a,c706e0a5-fa0,M002,2025-04-16,86.18,739.52,24,active
f0d13278-7d9,b5ba43f5-219,M001,2025-03-15,103.97,1220.8,36,active
1a5fa567-54a,fd2ce996-c34,M004,2025-02-09,96.37,1330.64,24,active
aaab7f0a-77b,ddd1a391-061,M006,2025-01-30,165.1,1537.08,24,active
b576c4f3-0bb,4059106e-7ab,M001,2025-03-10,8.23,106.46,24,active
8898d74a-4f4,aaab8e19-881,M006,2025-03-31,8.48,61.91,36,active
26e3e9b1-cd8,d2ad53d2-227,M007,2025-01-18,37.02,326.66,12,active
81808d97-2ea,9cc80602-730,M004,2025-04-07,73.05,868.67,24,active
74f82aa5-ce9,8ee757d4-3e3,M006,2025-05-26,167.75,1212.64,12,active
4196fd9d-d66,360b8910-0f2,M001,2025-01-21,67.46,580.6,36,active
19e0c0d5-526,b03a15f1-85d,M008,2025-04-17,73.12,582.68,24,active
34fcc1c5-989,c4977e2c-a90,M007,2025-01-29,70.98,602.33,36,active
d238c647-ceb,35b6a82a-307,M005,2025-01-12,71.25,480.01,12,active
9e1c8b5a-986,469d440e-d92,M004,2025-03-19,239.96,1893.38,24,active
46716737-159,2c3c8549-1b1,M005,2025-03-25,28.32,283.97,12,active
2450bb0d-7d5,37c05aa4-578,M003,2025-04-08,79.48,1088.54,36,active
379cdab1-4f4,c3d16f16-8d7,M006,2025-01-19,102.38,824.29,12,active
2ca86c17-4cd,7b1dc117-aa6,M008,2025-01-20,186.23,1731.11,24,active
1a021ffc-b96,126cf27f-c01,M007,2025-03-16,14.3,274.59,12,active
8c8acda8-5c8,bc436b0b-cfd,M008,2025-04-03,29.83,221.85,24,active
fa085ed8-3a9,c2b477f5-ddf,M007,2025-05-15,27.87,203.36,24,active
6230afde-36a,4b0e2882-dd0,M004,2025-03-27,90.45,1569.28,12,active
b1f0d6f1-0c7,b407e02f-484,M004,2025-03-31,107.13,734.64,12,active
5a217215-a66,4ad3ce93-27e,M004,2025-01-27,23.4,335.57,12,active
bc330b99-15d,30922a10-68a,M002,2025-02-15,214.88,1905.02,36,active
70a0392e-4e5,06a1be7e-17f,M008,2025-05-25,193.82,1303.83,36,active
95f212c0-278,3662b413-3e4,M006,2025-02-08,87.93,907.54,24,active
2fc6828a-55e,479329b0-b97,M005,2025-01-15,42.28,736.29,24,active
5e13faa8-bdb,516481b4-f3d,M001,2025-01-15,60.53,769.04,12,active
a3a72070-da6,a32e8d9b-e3c,M007,2025-04-29,171.84,1181.64,12,active
6d78a1fe-7f7,fc76eb99-3eb,M008,2025-05-27,108.53,1321.08,36,active
839e2306-cfc,6a3b10be-d97,M003,2025-01-16,121.73,928.52,24,active
923ab818-433,d291b278-fd8,M002,2025-05-10,70.62,1309.95,24,active
e9687f41-d26,7566e791-38a,M008,2025-05-15,70.44,1069.36,24,active
7bc66242-f1e,6ca0cfb9-787,M007,2025-04-15,183.93,1560.21,36,active
6513a581-ee5,72b61e82-d52,M006,2025-01-17,73.31,692.9,24,active
8f913785-75e,80a39494-5a6,M005,2025-02-08,75.8,700.06,24,active
265eadb8-715,1ae69063-a03,M005,2025-04-11,36.44,301.46,24,active
a2878fcf-d4b,cdc8c85f-3d2,M007,2025-03-26,191.4,1635.71,36,active
924673bc-062,2e76f450-236,M002,2025-04-19,53.98,1041.55,12,active
d554cbd9-cdf,a1b5967f-715,M004,2025-03-29,187.19,1897.95,12,active
08150f84-e6c,01f592d6-e31,M003,2025-01-20,80.74,626.79,36,active
7529d9c2-a30,d69429f7-e75,M001,2025-03-28,196.66,1758.97,24,active
0afc361b-cba,abf566c5-548,M003,2025-02-11,48.03,402.65,12,active
a9b18220-400,6755ec0f-7e5,M008,2025-01-12,100.13,851.17,24,active
debac608-2fb,770d4b75-cf5,M005,2025-04-25,37.42,506.31,24,active
59bf2c00-0c3,c236ff5b-f0b,M004,2025-04-05,146.94,1372.7,24,active
a7e2f60f-b86,9b67eaeb-b77,M005,2025-04-08,94.68,1030.67,12,active
d6053beb-b5b,3bfb8881-2af,M003,2025-03-06,14.88,151.75,36,active
69d0a833-ea5,b581583f-bf3,M002,2025-05-13,134.23,1709.77,12,active
c80fa3d9-160,bddecd72-d9f,M005,2025-04-26,117.52,1815.35,12,active
2ca53cfa-a11,edb3838f-3e3,M004,2025-04-26,253.91,1775.03,12,active
40f4188b-2a0,b4a5bbe7-aac,M007,2025-05-09,69.05,779.22,24,active
edf29c77-579,27b072be-d86,M004,2025-01-08,40.22,671.44,36,active
0589faed-094,4067e6a3-ee5,M006,2025-02-07,25.05,318.32,24,active
52126e15-be8,6f97ab7c-c41,M003,2025-05-01,46.72,924.77,12,active
51fb7840-a84,9599b079-1e9,M005,2025-02-25,176.01,1678.18,36,active
e8f62197-3f1,af5eeabb-710,M007,2025-01-29,115.33,1563.54,12,active
d96d4807-176,6f3fe3cd-288,M004,2025-04-18,145.51,1295.96,12,active
e48094bf-a66,d2268b2c-9b6,M008,2025-05-18,8.33,82.05,36,active
37bc8e41-20e,3298352d-f89,M003,2025-03-16,98.89,887.02,36,active
84ff214b-5e8,f7147844-527,M007,2025-02-17,78.8,1345.52,12,active
9c85fdac-83d,932e6e4d-e10,M001,2025-04-10,95.28,1753.0,24,active
f8a99a5b-999,d114da83-df8,M005,2025-01-05,42.36,746.33,36,active
64795d54-f9a,983987d1-3bb,M002,2025-05-29,123.51,1483.61,24,active
ca016492-403,c15af50a-028,M006,2025-02-14,197.75,1669.25,24,active
d788831a-e59,e0b831b4-48d,M003,2025-02-04,22.08,173.05,12,active
c56ef498-1e0,5f68c486-68e,M005,2025-02-21,9.47,135.42,24,active
2e9ef06b-bfc,399ac593-b4b,M005,2025-05-12,108.72,826.54,24,active
80854b27-a8e,7c112ce6-903,M001,2025-02-18,82.81,607.92,36,active
c7d0d4cf-ce1,df0783bb-f43,M006,2025-03-11,25.41,292.73,24,active
a693bc85-919,ef57b1ac-0a9,M008,2025-04-09,48.84,711.12,24,active
e9519ed6-27c,4bc25b45-017,M006,2025-05-13,33.22,570.11,12,active
35dd9a90-965,df00e080-d87,M007,2025-02-16,91.46,1113.68,24,active
bd613220-94d,18eef2a5-6c5,M005,2025-03-20,111.97,919.54,36,active
fba7a3a6-2ed,bd938133-b97,M008,2025-03-31,113.1,921.9,24,active
2a6bb320-391,6ad1c417-217,M007,2025-03-12,167.5,1296.97,12,active
72a56cc9-03d,ab38e514-698,M007,2025-04-04,131.3,1050.52,12,active
fd4116e1-284,06dd92a6-433,M003,2025-04-23,6.69,117.86,36,active
a9dd6b1d-6a6,5d5297eb-157,M006,2025-04-03,85.01,796.57,12,active
f3d1953d-761,461a5333-452,M008,2025-04-05,97.94,775.43,12,active
16c3a32e-98b,a779e868-1d1,M006,2025-04-12,51.63,663.05,12,active
5df41656-60b,9ae89355-339,M003,2025-05-08,149.78,1059.6,24,active
40611ae1-698,dcd38a8c-c2c,M005,2025-04-25,52.08,468.41,24,active
17da5216-c5c,db5153e6-2ba,M004,2025-02-01,18.06,314.67,36,active
ce03fc7e-5b7,0b5a633b-a26,M006,2025-04-30,164.66,1192.96,12,active
af2579af-e86,a73f2c4b-c07,M002,2025-01-17,75.67,1999.27,12,active
087e6c8f-f6d,23873deb-258,M008,2025-05-15,93.94,936.98,12,active
68c25836-b1b,b23a5c5c-da0,M002,2025-02-02,195.03,1356.21,12,active
6806cd40-450,623ed9fe-435,M008,2025-04-30,142.42,820.13,12,active
