sale_id,merchant_id,sale_date,product_price,premium_charged,remittance_amount,remittance_date,customer_email
1f21d399-5a9,M002,2025-01-07,1496.02,111.44,111.44,2025-01-10,cust_1f21d3@example.com
69f01978-e65,M002,2025-05-20,219.53,20.24,20.24,2025-05-21,cust_69f019@example.com
61a81805-d6d,M004,2025-03-01,1035.44,54.52,54.52,2025-03-05,cust_61a818@example.com
21e43f47-a4f,M007,2025-02-26,925.96,72.06,72.06,2025-03-12,cust_21e43f@example.com
5d351b68-7f8,M003,2025-04-19,713.49,46.77,46.77,2025-05-02,cust_5d351b@example.com
8a005490-257,M002,2025-01-24,790.86,67.93,67.93,2025-01-30,cust_8a0054@example.com
e105cde6-206,M005,2025-01-12,1472.98,152.63,152.63,2025-01-27,cust_e105cd@example.com
9a9d3313-f5f,M002,2025-05-22,621.7,70.17,70.17,2025-06-06,cust_9a9d33@example.com
adb0aca7-f56,M004,2025-01-18,139.36,10.14,10.14,2025-01-23,cust_adb0ac@example.com
e311d193-a51,M004,2025-01-26,791.25,75.44,75.44,2025-02-09,cust_e311d1@example.com
1994821e-263,M003,2025-04-05,742.78,86.92,86.92,2025-04-17,cust_199482@example.com
f9b40446-6e7,M002,2025-02-13,1091.57,81.3,81.3,2025-02-21,cust_f9b404@example.com
94f78a8e-7c2,M005,2025-05-23,478.25,39.42,39.42,2025-06-05,cust_94f78a@example.com
97f11b29-ee2,M004,2025-01-09,1619.84,145.97,0.0,,cust_97f11b@example.com
246da959-4f3,M006,2025-02-24,1328.11,118.95,118.95,2025-03-11,cust_246da9@example.com
7c7dd806-054,M008,2025-02-06,566.52,42.3,42.3,2025-02-15,cust_7c7dd8@example.com
ba4dd001-baf,M005,2025-05-30,885.45,95.94,95.94,2025-06-05,cust_ba4dd0@example.com
55aa0e83-8ed,M003,2025-05-11,1012.36,127.13,127.13,2025-05-25,cust_55aa0e@example.com
a94301a3-c20,M003,2025-02-10,1594.55,147.04,147.04,2025-02-12,cust_a94301@example.com
4cf8d19b-c43,M007,2025-04-30,1081.77,159.14,159.14,2025-05-14,cust_4cf8d1@example.com
9efd48e1-664,M002,2025-05-18,1514.21,192.09,192.09,2025-05-24,cust_9efd48@example.com
15a79ee1-a12,M005,2025-04-22,358.41,18.04,18.04,2025-05-04,cust_15a79e@example.com
bfd6141a-e90,M005,2025-05-09,1535.83,154.76,154.76,2025-05-11,cust_bfd614@example.com
5f0ab155-6c2,M005,2025-05-10,1237.49,80.79,80.79,2025-05-23,cust_5f0ab1@example.com
6ca222c3-40f,M001,2025-03-24,1002.78,61.36,61.36,2025-03-30,cust_6ca222@example.com
bb796bc7-b72,M004,2025-01-15,519.7,55.47,55.47,2025-01-17,cust_bb796b@example.com
9afd9782-1ec,M008,2025-01-18,1957.07,202.11,202.11,2025-01-21,cust_9afd97@example.com
05ee6f31-50b,M008,2025-05-21,372.0,38.23,38.23,2025-05-31,cust_05ee6f@example.com
6813c369-968,M004,2025-05-19,1522.77,181.19,181.19,2025-05-31,cust_6813c3@example.com
d00fa68e-d16,M007,2025-04-06,904.3,92.02,92.02,2025-04-08,cust_d00fa6@example.com
45bd9b3e-59e,M004,2025-01-17,709.27,77.19,77.19,2025-01-21,cust_45bd9b@example.com
62a1f942-fd0,M004,2025-01-02,188.44,21.31,21.31,2025-01-06,cust_62a1f9@example.com
dacd846f-d63,M001,2025-03-26,188.17,13.89,13.89,2025-04-06,cust_dacd84@example.com
7004ce3a-bc0,M004,2025-05-19,308.01,44.22,38.0,2025-05-29,cust_7004ce@example.com
e28638ef-a64,M008,2025-03-04,1580.01,206.59,206.59,2025-03-08,cust_e28638@example.com
ccf3f9a1-ef1,M002,2025-04-21,740.88,67.5,67.5,2025-05-05,cust_ccf3f9@example.com
8e969d02-87b,M001,2025-01-26,168.19,20.66,20.66,2025-02-08,cust_8e969d@example.com
f3b4c78a-30e,M004,2025-02-19,420.91,39.93,39.93,2025-02-26,cust_f3b4c7@example.com
67d03a44-6c3,M005,2025-04-29,537.12,76.45,76.45,2025-05-07,cust_67d03a@example.com
3a12ee6b-5fe,M002,2025-01-13,1321.68,137.53,137.53,2025-01-14,cust_3a12ee@example.com
4394cffb-b3a,M004,2025-02-12,842.51,82.68,82.68,2025-02-26,cust_4394cf@example.com
f82471bb-c0f,M001,2025-02-12,789.0,117.19,117.19,2025-02-17,cust_f82471@example.com
80d68e34-737,M005,2025-04-19,1408.35,173.3,173.3,2025-05-02,cust_80d68e@example.com
c692d238-c16,M008,2025-02-09,420.3,30.16,30.16,2025-02-10,cust_c692d2@example.com
b0b0df73-f59,M001,2025-03-22,161.47,17.51,15.98,2025-03-31,cust_b0b0df@example.com
a34a45e8-a17,M003,2025-01-15,1923.52,111.59,111.59,2025-01-18,cust_a34a45@example.com
125490ff-807,M002,2025-03-02,837.36,120.71,120.71,2025-03-12,cust_125490@example.com
017c7064-e4b,M001,2025-01-21,867.49,94.01,94.01,2025-01-30,cust_017c70@example.com
7a1b47d1-4e8,M005,2025-02-22,1355.97,110.4,110.4,2025-02-27,cust_7a1b47@example.com
636b4939-ef8,M003,2025-03-18,941.59,134.55,134.55,2025-04-02,cust_636b49@example.com
ae5854e7-270,M001,2025-04-28,1261.26,134.07,134.07,2025-04-30,cust_ae5854@example.com
a8f2bd36-222,M004,2025-05-10,567.14,81.29,81.29,2025-05-25,cust_a8f2bd@example.com
e6e061a2-7b7,M004,2025-04-05,605.73,56.83,56.83,2025-04-14,cust_e6e061@example.com
c9c5868c-69d,M005,2025-05-16,65.26,8.6,8.6,2025-05-21,cust_c9c586@example.com
01b87d80-b04,M002,2025-02-04,565.71,78.62,78.62,2025-02-16,cust_01b87d@example.com
cef1beb5-8fc,M003,2025-03-11,599.42,42.6,42.6,2025-03-17,cust_cef1be@example.com
6362612a-40d,M005,2025-05-10,1002.64,140.9,140.9,2025-05-24,cust_636261@example.com
310a3cac-757,M002,2025-04-19,1667.23,90.71,90.71,2025-04-25,cust_310a3c@example.com
d6dc2fa9-c81,M005,2025-02-11,1495.4,157.27,157.27,2025-02-18,cust_d6dc2f@example.com
1bcc1e07-123,M001,2025-01-29,196.73,27.21,27.21,2025-02-13,cust_1bcc1e@example.com
88be0f04-9a7,M001,2025-04-05,1185.89,76.86,76.86,2025-04-08,cust_88be0f@example.com
b3dba153-0e9,M005,2025-04-04,1803.01,233.69,233.69,2025-04-18,cust_b3dba1@example.com
2f00fca1-4e6,M006,2025-02-23,1380.03,161.04,161.04,2025-03-01,cust_2f00fc@example.com
1d28910d-11f,M007,2025-02-09,1855.24,136.68,136.68,2025-02-12,cust_1d2891@example.com
9cf23a7f-de4,M007,2025-01-07,399.75,56.94,56.94,2025-01-20,cust_9cf23a@example.com
645bac1b-818,M004,2025-03-10,360.44,43.3,43.3,2025-03-17,cust_645bac@example.com
4a01501e-302,M008,2025-02-26,439.17,62.29,62.29,2025-03-04,cust_4a0150@example.com
0bdac1cd-e09,M004,2025-02-27,96.15,6.66,6.66,2025-03-05,cust_0bdac1@example.com
3f190be2-a45,M002,2025-03-13,734.73,74.16,74.16,2025-03-24,cust_3f190b@example.com
9066b10a-5eb,M006,2025-01-08,274.92,40.42,40.42,2025-01-11,cust_9066b1@example.com
d15aadab-ffe,M005,2025-01-10,261.38,24.43,24.43,2025-01-22,cust_d15aad@example.com
d9dde797-879,M007,2025-05-11,275.51,38.56,38.56,2025-05-15,cust_d9dde7@example.com
a3fa301e-707,M001,2025-04-22,53.3,7.6,7.6,2025-05-01,cust_a3fa30@example.com
b385b602-7d3,M004,2025-04-04,891.03,129.1,0.0,,cust_b385b6@example.com
a0c036f7-e95,M006,2025-02-01,1453.52,116.33,116.33,2025-02-06,cust_a0c036@example.com
663cf84c-1b1,M007,2025-03-25,834.68,66.41,66.41,2025-03-28,cust_663cf8@example.com
d15385de-669,M007,2025-04-08,1370.77,192.29,192.29,2025-04-18,cust_d15385@example.com
f9a04244-653,M005,2025-04-14,1118.48,55.97,55.97,2025-04-19,cust_f9a042@example.com
db97edd7-f95,M007,2025-05-29,1232.99,101.38,101.38,2025-06-06,cust_db97ed@example.com
4cc1fcaa-025,M004,2025-05-11,972.71,136.29,136.29,2025-05-24,cust_4cc1fc@example.com
3fa1dfa3-3f7,M003,2025-01-22,603.38,70.22,70.22,2025-02-01,cust_3fa1df@example.com
78faa52f-44c,M002,2025-03-02,1361.95,98.69,98.69,2025-03-06,cust_78faa5@example.com
5a464af6-6e3,M001,2025-01-12,527.44,51.43,51.43,2025-01-26,cust_5a464a@example.com
9e0f672e-c88,M008,2025-04-17,1777.97,191.25,191.25,2025-04-29,cust_9e0f67@example.com
0a2d2369-0d3,M007,2025-05-07,829.32,53.7,53.7,2025-05-19,cust_0a2d23@example.com
20d1aee1-9b4,M002,2025-04-19,476.74,62.17,62.17,2025-05-01,cust_20d1ae@example.com
8f415e64-78c,M008,2025-01-13,1136.94,161.16,161.16,2025-01-15,cust_8f415e@example.com
ac257b06-0e3,M003,2025-04-29,1351.78,201.13,201.13,2025-05-09,cust_ac257b@example.com
3facf05b-876,M008,2025-05-10,882.14,124.1,124.1,2025-05-18,cust_3facf0@example.com
d0e5e05b-9ac,M008,2025-04-26,555.42,41.5,41.5,2025-05-07,cust_d0e5e0@example.com
6170925e-737,M008,2025-03-03,585.47,33.81,33.81,2025-03-08,cust_617092@example.com
41d8959b-243,M005,2025-03-27,673.43,70.05,70.05,2025-03-30,cust_41d895@example.com
9e3cf3d1-c7e,M004,2025-04-09,1403.2,169.28,169.28,2025-04-11,cust_9e3cf3@example.com
99eabd95-958,M007,2025-03-26,1108.09,101.48,101.48,2025-03-30,cust_99eabd@example.com
7010c3cd-8d9,M007,2025-05-30,1894.82,98.44,98.44,2025-06-14,cust_7010c3@example.com
095a778f-81f,M007,2025-05-03,61.5,5.24,5.24,2025-05-16,cust_095a77@example.com
4308dc3b-cd1,M007,2025-05-18,1507.66,157.72,157.72,2025-05-28,cust_4308dc@example.com
a4242a51-0db,M008,2025-02-26,582.22,57.39,57.39,2025-03-05,cust_a4242a@example.com
25206bee-8c7,M007,2025-02-12,1688.99,239.76,239.76,2025-02-22,cust_25206b@example.com
60e619d8-e68,M001,2025-04-11,1204.19,140.05,140.05,2025-04-13,cust_60e619@example.com
e4a189c2-007,M007,2025-02-04,1740.36,118.65,118.65,2025-02-09,cust_e4a189@example.com
407d0024-4c7,M006,2025-02-24,936.66,78.45,78.45,2025-03-11,cust_407d00@example.com
7b05b4a7-0e6,M005,2025-04-18,541.93,31.54,31.54,2025-04-19,cust_7b05b4@example.com
2c2c0324-fea,M001,2025-03-31,487.23,27.7,27.7,2025-04-11,cust_2c2c03@example.com
c8b06329-43e,M001,2025-03-05,438.75,22.83,0.0,,cust_c8b063@example.com
7bcfa393-1b6,M003,2025-05-02,1355.44,144.21,144.21,2025-05-06,cust_7bcfa3@example.com
e0fd524a-883,M005,2025-04-05,377.19,41.76,41.76,2025-04-17,cust_e0fd52@example.com
83762b9b-c8f,M002,2025-02-11,1931.21,117.44,117.44,2025-02-12,cust_83762b@example.com
10e6c1e0-c38,M007,2025-04-12,1885.87,131.7,131.7,2025-04-22,cust_10e6c1@example.com
bdab2bb0-271,M004,2025-01-27,1409.53,112.99,112.99,2025-02-07,cust_bdab2b@example.com
c81dd1a3-108,M002,2025-05-25,1576.14,133.53,133.53,2025-06-01,cust_c81dd1@example.com
f34a8fd4-aeb,M006,2025-01-18,1036.62,87.2,87.2,2025-02-01,cust_f34a8f@example.com
2720c996-eb0,M008,2025-01-28,895.37,77.2,77.2,2025-02-12,cust_2720c9@example.com
1c6f1b19-fd2,M003,2025-04-22,393.47,40.2,40.2,2025-05-03,cust_1c6f1b@example.com
a9af2099-ba2,M008,2025-04-30,899.37,110.71,110.71,2025-05-05,cust_a9af20@example.com
e9a11d21-d7b,M004,2025-01-23,593.91,56.47,56.47,2025-02-05,cust_e9a11d@example.com
aab23829-679,M007,2025-03-28,105.96,14.31,14.31,2025-03-31,cust_aab238@example.com
ca6ea1ab-596,M004,2025-04-01,1605.77,134.94,134.94,2025-04-16,cust_ca6ea1@example.com
47182552-67d,M005,2025-05-23,69.79,10.11,10.11,2025-05-25,cust_471825@example.com
a8fd5d4f-84c,M007,2025-05-06,1132.59,83.85,83.85,2025-05-14,cust_a8fd5d@example.com
7415fa2c-16c,M008,2025-04-25,1596.22,94.66,94.66,2025-04-29,cust_7415fa@example.com
4d26930c-c6c,M004,2025-03-20,1344.72,116.86,116.86,2025-03-29,cust_4d2693@example.com
7ac127b3-e18,M006,2025-04-19,1993.43,209.39,209.39,2025-04-25,cust_7ac127@example.com
44a54058-c99,M008,2025-03-11,647.91,47.33,0.0,,cust_44a540@example.com
10d7967d-d06,M006,2025-01-31,1498.62,217.43,217.43,2025-02-12,cust_10d796@example.com
bb8c0f26-912,M004,2025-02-25,1490.28,115.72,115.72,2025-03-07,cust_bb8c0f@example.com
54c51a0c-2da,M005,2025-01-26,1673.63,133.26,133.26,2025-02-01,cust_54c51a@example.com
18861b62-213,M005,2025-01-04,1430.64,89.64,89.64,2025-01-05,cust_18861b@example.com
1de024d6-a01,M005,2025-02-02,1293.85,162.09,162.09,2025-02-04,cust_1de024@example.com
c91cd9d1-afe,M005,2025-05-01,983.49,82.68,82.68,2025-05-02,cust_c91cd9@example.com
feb1acb9-b8b,M008,2025-01-30,1653.13,148.9,148.9,2025-02-01,cust_feb1ac@example.com
bcda44eb-b60,M001,2025-02-08,340.94,36.24,36.24,2025-02-13,cust_bcda44@example.com
1fca08dd-2ef,M004,2025-01-31,1138.24,104.28,104.28,2025-02-10,cust_1fca08@example.com
c6a5c379-504,M004,2025-05-14,791.74,111.52,111.52,2025-05-19,cust_c6a5c3@example.com
f0beb6e5-c61,M007,2025-03-20,1158.83,64.92,64.92,2025-04-01,cust_f0beb6@example.com
a5403ed8-840,M004,2025-02-24,566.06,32.9,32.9,2025-02-28,cust_a5403e@example.com
f946513e-35a,M002,2025-02-10,55.22,5.25,5.25,2025-02-20,cust_f94651@example.com
9b4b9968-3a4,M005,2025-01-09,501.38,60.51,60.51,2025-01-21,cust_9b4b99@example.com
6f7e15a0-bbb,M002,2025-03-01,1851.63,238.46,238.46,2025-03-12,cust_6f7e15@example.com
5a313acd-2dd,M004,2025-04-19,273.81,19.85,19.85,2025-04-22,cust_5a313a@example.com
38a85ac1-ed0,M003,2025-01-19,166.29,21.5,21.5,2025-01-29,cust_38a85a@example.com
4878313b-e71,M005,2025-04-23,292.49,34.77,34.77,2025-05-05,cust_487831@example.com
75dbbdd9-f40,M005,2025-05-09,1102.96,103.43,103.43,2025-05-19,cust_75dbbd@example.com
39838e25-f4b,M007,2025-03-24,1227.24,64.54,64.54,2025-03-28,cust_39838e@example.com
5d654140-19b,M001,2025-03-10,1173.68,148.25,148.25,2025-03-13,cust_5d6541@example.com
1d3ea81b-ad2,M008,2025-03-13,403.9,43.84,43.84,2025-03-24,cust_1d3ea8@example.com
829f4818-872,M002,2025-05-01,728.52,60.71,60.71,2025-05-12,cust_829f48@example.com
baf32212-3ad,M003,2025-03-26,852.71,84.88,84.88,2025-04-06,cust_baf322@example.com
9bdbdcd9-7e7,M001,2025-04-27,221.72,16.68,12.18,2025-04-29,cust_9bdbdc@example.com
acbabf17-ff9,M001,2025-05-19,950.85,52.7,52.7,2025-05-28,cust_acbabf@example.com
7e7ca226-caa,M008,2025-04-24,1531.98,107.78,107.78,2025-05-03,cust_7e7ca2@example.com
ae4153c7-ed5,M005,2025-04-23,1767.65,174.06,174.06,2025-04-24,cust_ae4153@example.com
8fb28330-c81,M004,2025-02-10,655.96,33.69,33.69,2025-02-17,cust_8fb283@example.com
64a74aac-506,M004,2025-01-30,949.82,58.65,58.65,2025-02-13,cust_64a74a@example.com
5a8f7734-14f,M008,2025-03-16,1042.3,80.61,80.61,2025-03-30,cust_5a8f77@example.com
fc0666da-d50,M008,2025-03-04,940.73,60.64,60.64,2025-03-08,cust_fc0666@example.com
66aac1dd-e28,M003,2025-01-18,588.68,75.94,75.94,2025-01-25,cust_66aac1@example.com
9b7bb9cd-0f8,M005,2025-01-01,601.54,48.04,48.04,2025-01-11,cust_9b7bb9@example.com
9b491e89-303,M008,2025-02-08,920.77,90.64,90.64,2025-02-14,cust_9b491e@example.com
8ddf3691-c94,M007,2025-04-27,1869.06,255.99,255.99,2025-05-09,cust_8ddf36@example.com
6ae64b2c-e3e,M007,2025-03-01,1719.23,156.58,156.58,2025-03-07,cust_6ae64b@example.com
75c04d5f-a4f,M008,2025-04-08,802.85,93.43,93.43,2025-04-22,cust_75c04d@example.com
70b5b152-7dd,M003,2025-05-07,1931.41,120.95,120.95,2025-05-17,cust_70b5b1@example.com
33f251f6-c9a,M002,2025-04-23,244.44,34.48,30.27,2025-04-24,cust_33f251@example.com
b134bd99-cb7,M003,2025-04-15,1748.32,257.0,257.0,2025-04-17,cust_b134bd@example.com
19158d77-b25,M005,2025-03-28,1265.36,113.56,113.56,2025-03-30,cust_19158d@example.com
be5b2eac-aa6,M007,2025-03-23,1272.26,176.52,176.52,2025-03-31,cust_be5b2e@example.com
c37ecfc0-b57,M001,2025-01-18,507.8,60.14,60.14,2025-01-23,cust_c37ecf@example.com
31884b51-726,M002,2025-04-22,1957.76,246.75,246.75,2025-05-04,cust_31884b@example.com
25cce366-af2,M008,2025-02-12,1403.3,196.94,196.94,2025-02-13,cust_25cce3@example.com
686efe0c-c69,M001,2025-03-17,749.0,69.71,69.71,2025-03-21,cust_686efe@example.com
2cfcc3e7-dcb,M007,2025-05-25,1379.51,93.81,93.81,2025-05-28,cust_2cfcc3@example.com
144b7c07-9b6,M007,2025-03-03,1020.45,110.53,110.53,2025-03-07,cust_144b7c@example.com
1c8a2887-ea0,M005,2025-04-28,547.89,27.91,27.91,2025-05-11,cust_1c8a28@example.com
8f5e5232-109,M005,2025-05-20,358.05,33.72,33.72,2025-05-26,cust_8f5e52@example.com
cd3745d8-a2f,M005,2025-04-19,1396.11,133.58,133.58,2025-04-24,cust_cd3745@example.com
85e8017d-364,M007,2025-05-04,257.97,22.74,22.74,2025-05-10,cust_85e801@example.com
b4b6ff26-8a8,M005,2025-03-17,92.78,12.34,11.5,2025-03-24,cust_b4b6ff@example.com
f05db3df-42a,M001,2025-05-25,1736.88,222.03,222.03,2025-05-26,cust_f05db3@example.com
206597b1-04f,M008,2025-03-15,1562.69,114.09,114.09,2025-03-28,cust_206597@example.com
7f2d1992-eab,M004,2025-02-18,1260.74,148.49,148.49,2025-03-02,cust_7f2d19@example.com
4d0b1557-e10,M003,2025-01-25,1811.64,207.68,207.68,2025-01-30,cust_4d0b15@example.com
c9b96085-e8b,M001,2025-05-29,761.48,48.08,48.08,2025-06-13,cust_c9b960@example.com
4820bdde-602,M006,2025-04-17,392.5,24.81,24.81,2025-04-26,cust_4820bd@example.com
b2ffa01f-b2e,M005,2025-02-12,551.09,73.0,73.0,2025-02-20,cust_b2ffa0@example.com
50e25414-dcd,M006,2025-01-30,963.25,55.42,55.42,2025-02-12,cust_50e254@example.com
a6184ef9-839,M007,2025-05-23,763.26,98.51,98.51,2025-05-24,cust_a6184e@example.com
a943eca0-018,M002,2025-04-27,768.74,96.02,96.02,2025-05-02,cust_a943ec@example.com
c890caa4-369,M007,2025-04-06,261.27,19.17,19.17,2025-04-07,cust_c890ca@example.com
47f18782-b7c,M006,2025-02-26,1312.92,149.07,0.0,,cust_47f187@example.com
95956269-bff,M005,2025-04-15,277.52,15.13,15.13,2025-04-16,cust_959562@example.com
c0d90c99-0a5,M008,2025-01-30,239.52,33.23,33.23,2025-02-02,cust_c0d90c@example.com
71da3017-947,M008,2025-04-05,1357.45,168.75,168.75,2025-04-14,cust_71da30@example.com
ba8c9674-6fd,M003,2025-04-17,1327.1,176.99,176.99,2025-04-27,cust_ba8c96@example.com
208c18c3-88e,M005,2025-01-09,1396.05,100.13,100.13,2025-01-17,cust_208c18@example.com
3483b6f4-1e0,M006,2025-01-26,1962.81,170.24,170.24,2025-02-10,cust_3483b6@example.com
3838c71a-764,M006,2025-01-16,826.37,57.0,57.0,2025-01-18,cust_3838c7@example.com
e76a0729-fdd,M002,2025-02-24,1301.32,142.77,142.77,2025-02-25,cust_e76a07@example.com
f8276615-d23,M006,2025-03-04,1978.2,254.59,254.59,2025-03-08,cust_f82766@example.com
81e6ed37-0a4,M004,2025-05-31,471.11,64.53,64.53,2025-06-06,cust_81e6ed@example.com
db122b88-0a5,M001,2025-03-12,1723.89,111.14,111.14,2025-03-15,cust_db122b@example.com
918f06bf-764,M005,2025-02-14,264.36,36.12,36.12,2025-02-17,cust_918f06@example.com
7fdd34db-c5c,M006,2025-03-02,1198.26,61.8,61.8,2025-03-07,cust_7fdd34@example.com
c8681211-18e,M003,2025-04-18,1075.87,134.02,134.02,2025-04-26,cust_c86812@example.com
63ba543e-82e,M006,2025-05-12,1207.65,114.97,114.97,2025-05-16,cust_63ba54@example.com
f37f4215-a8c,M001,2025-05-14,638.18,72.97,72.97,2025-05-15,cust_f37f42@example.com
aee77f6a-1ac,M008,2025-04-13,881.23,53.58,53.58,2025-04-25,cust_aee77f@example.com
a5fc4c17-405,M002,2025-01-21,678.12,43.96,43.96,2025-01-24,cust_a5fc4c@example.com
b1e6e2c8-0bd,M006,2025-04-08,1989.52,205.03,205.03,2025-04-16,cust_b1e6e2@example.com
b065c621-a6b,M007,2025-01-26,1596.54,98.09,98.09,2025-02-06,cust_b065c6@example.com
2b069b31-950,M004,2025-04-21,930.53,67.79,67.79,2025-04-27,cust_2b069b@example.com
59610e3c-550,M007,2025-04-17,1472.74,119.67,119.67,2025-04-23,cust_59610e@example.com
1f52b539-651,M005,2025-04-06,1909.51,226.62,226.62,2025-04-14,cust_1f52b5@example.com
ffd85d44-c35,M002,2025-01-22,231.8,13.83,13.83,2025-02-03,cust_ffd85d@example.com
2b04e557-7c6,M003,2025-05-23,166.96,24.32,24.32,2025-06-01,cust_2b04e5@example.com
c706e0a5-fa0,M002,2025-04-16,739.52,86.18,86.18,2025-04-29,cust_c706e0@example.com
b5ba43f5-219,M001,2025-03-15,1220.8,103.97,103.97,2025-03-25,cust_b5ba43@example.com
fd2ce996-c34,M004,2025-02-09,1330.64,96.37,96.37,2025-02-11,cust_fd2ce9@example.com
ddd1a391-061,M006,2025-01-30,1537.08,165.1,165.1,2025-02-12,cust_ddd1a3@example.com
4059106e-7ab,M001,2025-03-10,106.46,8.23,8.23,2025-03-23,cust_405910@example.com
aaab8e19-881,M006,2025-03-31,61.91,8.48,8.48,2025-04-10,cust_aaab8e@example.com
d2ad53d2-227,M007,2025-01-18,326.66,37.02,37.02,2025-01-19,cust_d2ad53@example.com
9cc80602-730,M004,2025-04-07,868.67,73.05,73.05,2025-04-13,cust_9cc806@example.com
8ee757d4-3e3,M006,2025-05-26,1212.64,167.75,167.75,2025-05-29,cust_8ee757@example.com
360b8910-0f2,M001,2025-01-21,580.6,67.46,67.46,2025-01-29,cust_360b89@example.com
b03a15f1-85d,M008,2025-04-17,582.68,73.12,73.12,2025-04-19,cust_b03a15@example.com
c4977e2c-a90,M007,2025-01-29,602.33,70.98,70.98,2025-02-06,cust_c4977e@example.com
35b6a82a-307,M005,2025-01-12,480.01,71.25,65.75,2025-01-13,cust_35b6a8@example.com
469d440e-d92,M004,2025-03-19,1893.38,239.96,239.96,2025-04-01,cust_469d44@example.com
2c3c8549-1b1,M005,2025-03-25,283.97,28.32,28.32,2025-04-01,cust_2c3c85@example.com
37c05aa4-578,M003,2025-04-08,1088.54,79.48,79.48,2025-04-17,cust_37c05a@example.com
c3d16f16-8d7,M006,2025-01-19,824.29,102.38,102.38,2025-01-26,cust_c3d16f@example.com
7b1dc117-aa6,M008,2025-01-20,1731.11,186.23,186.23,2025-01-30,cust_7b1dc1@example.com
126cf27f-c01,M007,2025-03-16,274.59,14.3,14.3,2025-03-22,cust_126cf2@example.com
bc436b0b-cfd,M008,2025-04-03,221.85,29.83,29.83,2025-04-07,cust_bc436b@example.com
c2b477f5-ddf,M007,2025-05-15,203.36,27.87,27.87,2025-05-27,cust_c2b477@example.com
4b0e2882-dd0,M004,2025-03-27,1569.28,90.45,90.45,2025-04-07,cust_4b0e28@example.com
b407e02f-484,M004,2025-03-31,734.64,107.13,107.13,2025-04-11,cust_b407e0@example.com
4ad3ce93-27e,M004,2025-01-27,335.57,23.4,23.4,2025-02-06,cust_4ad3ce@example.com
30922a10-68a,M002,2025-02-15,1905.02,214.88,214.88,2025-02-23,cust_30922a@example.com
06a1be7e-17f,M008,2025-05-25,1303.83,193.82,193.82,2025-05-31,cust_06a1be@example.com
3662b413-3e4,M006,2025-02-08,907.54,87.93,87.93,2025-02-19,cust_3662b4@example.com
479329b0-b97,M005,2025-01-15,736.29,42.28,42.28,2025-01-23,cust_479329@example.com
516481b4-f3d,M001,2025-01-15,769.04,60.53,60.53,2025-01-26,cust_516481@example.com
a32e8d9b-e3c,M007,2025-04-29,1181.64,171.84,171.84,2025-05-11,cust_a32e8d@example.com
fc76eb99-3eb,M008,2025-05-27,1321.08,108.53,108.53,2025-06-04,cust_fc76eb@example.com
6a3b10be-d97,M003,2025-01-16,928.52,121.73,121.73,2025-01-30,cust_6a3b10@example.com
d291b278-fd8,M002,2025-05-10,1309.95,70.62,70.62,2025-05-22,cust_d291b2@example.com
7566e791-38a,M008,2025-05-15,1069.36,70.44,70.44,2025-05-21,cust_7566e7@example.com
6ca0cfb9-787,M007,2025-04-15,1560.21,183.93,183.93,2025-04-16,cust_6ca0cf@example.com
72b61e82-d52,M006,2025-01-17,692.9,73.31,73.31,2025-01-24,cust_72b61e@example.com
80a39494-5a6,M005,2025-02-08,700.06,75.8,75.8,2025-02-11,cust_80a394@example.com
1ae69063-a03,M005,2025-04-11,301.46,36.44,36.44,2025-04-13,cust_1ae690@example.com
cdc8c85f-3d2,M007,2025-03-26,1635.71,191.4,191.4,2025-04-09,cust_cdc8c8@example.com
2e76f450-236,M002,2025-04-19,1041.55,53.98,53.98,2025-04-24,cust_2e76f4@example.com
a1b5967f-715,M004,2025-03-29,1897.95,187.19,187.19,2025-04-02,cust_a1b596@example.com
01f592d6-e31,M003,2025-01-20,626.79,80.74,80.74,2025-01-29,cust_01f592@example.com
d69429f7-e75,M001,2025-03-28,1758.97,196.66,196.66,2025-04-07,cust_d69429@example.com
abf566c5-548,M003,2025-02-11,402.65,48.03,0.0,,cust_abf566@example.com
6755ec0f-7e5,M008,2025-01-12,851.17,100.13,100.13,2025-01-16,cust_6755ec@example.com
770d4b75-cf5,M005,2025-04-25,506.31,37.42,37.42,2025-05-08,cust_770d4b@example.com
c236ff5b-f0b,M004,2025-04-05,1372.7,146.94,146.94,2025-04-13,cust_c236ff@example.com
9b67eaeb-b77,M005,2025-04-08,1030.67,94.68,94.68,2025-04-11,cust_9b67ea@example.com
3bfb8881-2af,M003,2025-03-06,151.75,14.88,14.88,2025-03-12,cust_3bfb88@example.com
b581583f-bf3,M002,2025-05-13,1709.77,134.23,134.23,2025-05-26,cust_b58158@example.com
bddecd72-d9f,M005,2025-04-26,1815.35,117.52,117.52,2025-05-03,cust_bddecd@example.com
edb3838f-3e3,M004,2025-04-26,1775.03,253.91,253.91,2025-05-03,cust_edb383@example.com
b4a5bbe7-aac,M007,2025-05-09,779.22,69.05,69.05,2025-05-11,cust_b4a5bb@example.com
27b072be-d86,M004,2025-01-08,671.44,40.22,40.22,2025-01-20,cust_27b072@example.com
4067e6a3-ee5,M006,2025-02-07,318.32,25.05,25.05,2025-02-21,cust_4067e6@example.com
6f97ab7c-c41,M003,2025-05-01,924.77,46.72,46.72,2025-05-03,cust_6f97ab@example.com
9599b079-1e9,M005,2025-02-25,1678.18,176.01,176.01,2025-03-09,cust_9599b0@example.com
af5eeabb-710,M007,2025-01-29,1563.54,115.33,115.33,2025-01-31,cust_af5eea@example.com
6f3fe3cd-288,M004,2025-04-18,1295.96,145.51,145.51,2025-04-20,cust_6f3fe3@example.com
d2268b2c-9b6,M008,2025-05-18,82.05,8.33,8.33,2025-05-22,cust_d2268b@example.com
3298352d-f89,M003,2025-03-16,887.02,98.89,98.89,2025-03-20,cust_329835@example.com
f7147844-527,M007,2025-02-17,1345.52,78.8,78.8,2025-02-23,cust_f71478@example.com
932e6e4d-e10,M001,2025-04-10,1753.0,95.28,78.81,2025-04-17,cust_932e6e@example.com
d114da83-df8,M005,2025-01-05,746.33,42.36,42.36,2025-01-09,cust_d114da@example.com
983987d1-3bb,M002,2025-05-29,1483.61,123.51,123.51,2025-05-30,cust_983987@example.com
c15af50a-028,M006,2025-02-14,1669.25,197.75,197.75,2025-02-26,cust_c15af5@example.com
e0b831b4-48d,M003,2025-02-04,173.05,22.08,19.84,2025-02-12,cust_e0b831@example.com
5f68c486-68e,M005,2025-02-21,135.42,9.47,9.47,2025-02-22,cust_5f68c4@example.com
399ac593-b4b,M005,2025-05-12,826.54,108.72,108.72,2025-05-20,cust_399ac5@example.com
7c112ce6-903,M001,2025-02-18,607.92,82.81,82.81,2025-02-19,cust_7c112c@example.com
df0783bb-f43,M006,2025-03-11,292.73,25.41,25.41,2025-03-26,cust_df0783@example.com
ef57b1ac-0a9,M008,2025-04-09,711.12,48.84,48.84,2025-04-21,cust_ef57b1@example.com
4bc25b45-017,M006,2025-05-13,570.11,33.22,33.22,2025-05-20,cust_4bc25b@example.com
df00e080-d87,M007,2025-02-16,1113.68,91.46,91.46,2025-02-18,cust_df00e0@example.com
18eef2a5-6c5,M005,2025-03-20,919.54,111.97,111.97,2025-03-23,cust_18eef2@example.com
bd938133-b97,M008,2025-03-31,921.9,113.1,113.1,2025-04-15,cust_bd9381@example.com
6ad1c417-217,M007,2025-03-12,1296.97,167.5,167.5,2025-03-13,cust_6ad1c4@example.com
ab38e514-698,M007,2025-04-04,1050.52,131.3,131.3,2025-04-07,cust_ab38e5@example.com
06dd92a6-433,M003,2025-04-23,117.86,6.69,6.69,2025-05-06,cust_06dd92@example.com
5d5297eb-157,M006,2025-04-03,796.57,85.01,85.01,2025-04-13,cust_5d5297@example.com
461a5333-452,M008,2025-04-05,775.43,97.94,97.94,2025-04-15,cust_461a53@example.com
a779e868-1d1,M006,2025-04-12,663.05,51.63,51.63,2025-04-14,cust_a779e8@example.com
9ae89355-339,M003,2025-05-08,1059.6,149.78,149.78,2025-05-10,cust_9ae893@example.com
dcd38a8c-c2c,M005,2025-04-25,468.41,52.08,52.08,2025-05-07,cust_dcd38a@example.com
db5153e6-2ba,M004,2025-02-01,314.67,18.06,18.06,2025-02-04,cust_db5153@example.com
