reimbursement_id,claim_id,servicer_id,paid_date,paid_amount
c8b6160b-123,feea7451-0ff,S001,2025-05-30,233.43
b341eb31-7d2,8e58ed7a-c73,S002,2025-06-01,171.39
2ae6034e-0e4,8dd454b8-2cb,S001,2025-06-21,390.14
b0e8090c-711,fb2eb1b4-032,S001,2025-07-07,251.41
bb51b2a8-2e9,1296f53a-37c,S004,2025-04-27,408.18
0a4c5a50-322,7dfe15b7-f6a,S003,2025-05-03,516.14
6935b5b9-6f4,792c4001-378,S001,2025-04-29,641.71
d200bb52-a4b,de9d6a08-269,S004,2025-05-22,324.24
6a817a38-b47,1dcf926c-244,S001,2025-04-13,516.8
dcb21ae5-e47,a9db6efe-247,S004,2025-05-12,79.1
5f5760e9-852,c226cac9-4d6,S004,2025-04-11,378.29
f4d67e81-823,e37f652b-f08,S003,2025-03-28,330.0
c4345c67-f72,f1b6fa61-8c9,S002,2025-05-24,727.51
f4c9c423-f03,c41daeb4-4a7,S003,2025-05-12,193.95
47356377-d1c,c8d0bbe7-705,S004,2025-07-08,731.05
27346d9f-e8a,931c147d-5b0,S003,2025-07-20,85.78
1b5573bd-654,b3ca226d-2d3,S001,2025-04-23,128.89
4201f538-eea,577bce82-107,S004,2025-07-05,406.62
711c8f71-79f,b300991a-303,S002,2025-07-04,425.65
ec22e543-fdc,1b608848-b32,S002,2025-07-21,1532.28
6d2f4469-81d,debf5803-3b1,S003,2025-05-06,539.74
c9570671-5b8,55b562e1-beb,S002,2025-07-04,666.07
749549aa-d5c,3ccc12cc-e1d,S004,2025-05-17,1006.18
7a6e4c0f-33f,b3ca226d-2d3,S001,2025-04-14,100.39
a2b2c72c-fbf,792c4001-378,S001,2025-05-07,641.71
ea93ebcc-b82,577bce82-107,S004,2025-07-07,406.62
356c42ad-9b1,55ad5070-d1a,S002,2025-05-11,537.757
560ae194-d64,fb32306c-311,S003,2025-08-01,1244.4524999999999
